round,client_id,selected,utility,normalized_utility,detector,cusum_pos,cusum_neg,change_detected,change_direction,last_seen,age,explore_score,exploit_score,final_score
1,0,True,0.112322,0.1123,none,,,False,,1,0,,0.0,
1,1,True,0.120823,0.1208,none,,,False,,1,0,,0.0,
1,2,True,0.113511,0.1135,none,,,False,,1,0,,0.0,
1,3,True,0.563596,0.5636,none,,,False,,1,0,,0.0,
1,4,True,0.165354,0.1654,none,,,False,,1,0,,0.0,
1,5,True,0.396795,0.3968,none,,,False,,1,0,,0.0,
1,6,True,0.070991,0.071,none,,,False,,1,0,,0.0,
1,7,True,0.031263,0.0313,none,,,False,,1,0,,0.0,
1,8,True,0.165392,0.1654,none,,,False,,1,0,,0.0,
1,9,True,0.064405,0.0644,none,,,False,,1,0,,0.0,
2,3,True,0.514423,0.5144,none,,,False,,2,0,,0.5635959586488148,
2,5,True,1.101408,1.1014,none,,,False,,2,0,,0.39679478129752854,
2,8,True,0.36185,0.3618,none,,,False,,2,0,,0.16539242758600547,
2,4,True,0.260571,0.2606,none,,,False,,2,0,,0.16535382255101716,
2,1,True,0.194964,0.195,none,,,False,,2,0,,0.12082329366961098,
2,2,True,0.203572,0.2036,none,,,False,,2,0,,0.1135106750981727,
2,0,True,0.1823,0.1823,none,,,False,,2,0,,0.11232175008215073,
2,6,True,0.118852,0.1189,none,,,False,,2,0,,0.07099071524778378,
2,9,True,0.114146,0.1141,none,,,False,,2,0,,0.06440534194310521,
2,7,True,0.049718,0.0497,none,,,False,,2,0,,0.031262881513955065,
3,5,True,1.115746,1.1157,none,,,False,,3,0,,1.1014078371331137,
3,3,True,0.592209,0.5922,none,,,False,,3,0,,0.5144229205149524,
3,8,True,0.473008,0.473,none,,,False,,3,0,,0.3618497417234092,
3,4,True,0.262174,0.2622,none,,,False,,3,0,,0.26057062667519926,
3,2,True,0.463356,0.4634,none,,,False,,3,0,,0.20357217954758955,
3,1,True,0.480354,0.4804,none,,,False,,3,0,,0.19496429272187044,
3,0,True,0.50661,0.5066,none,,,False,,3,0,,0.18230048141094146,
3,6,True,0.337773,0.3378,none,,,False,,3,0,,0.11885182645790371,
3,9,True,0.32563,0.3256,none,,,False,,3,0,,0.11414551734924316,
3,7,True,0.141504,0.1415,none,,,False,,3,0,,0.049717809842980465,
4,5,True,0.543796,0.5438,none,,,False,,4,0,,1.1157463812360575,
4,3,True,0.564245,0.5642,none,,,False,,4,0,,0.592209106778891,
4,0,True,0.715865,0.7159,none,,,False,,4,0,,0.5066096264906603,
4,1,True,0.906005,0.906,none,,,False,,4,0,,0.48035427138336684,
4,8,True,0.429587,0.4296,none,,,False,,4,0,,0.47300821067229704,
4,2,True,0.505253,0.5053,none,,,False,,4,0,,0.46335629444217186,
4,6,True,0.353302,0.3533,none,,,False,,4,0,,0.33777274358226506,
4,9,True,0.355786,0.3558,none,,,False,,4,0,,0.3256302475929258,
4,4,True,0.285732,0.2857,none,,,False,,4,0,,0.2621735827337577,
4,7,True,0.387453,0.3875,none,,,False,,4,0,,0.1415036934009497,
5,1,True,0.868511,0.8685,none,,,False,,5,0,,0.9060052602719035,
5,0,True,0.563871,0.5639,none,,,False,,5,0,,0.7158653526595145,
5,3,True,0.592512,0.5925,none,,,False,,5,0,,0.5642453902691646,
5,5,True,0.900396,0.9004,none,,,False,,5,0,,0.5437955475654921,
5,2,True,0.466748,0.4667,none,,,False,,5,0,,0.5052532473606848,
5,8,True,0.485715,0.4857,none,,,False,,5,0,,0.4295874688090109,
5,7,True,0.435459,0.4355,none,,,False,,5,0,,0.38745250563690625,
5,9,True,0.313477,0.3135,none,,,False,,5,0,,0.3557859162489574,
5,6,True,0.4005,0.4005,none,,,False,,5,0,,0.3533017230310036,
5,4,True,0.269523,0.2695,none,,,False,,5,0,,0.28573230149522044,
6,5,True,0.870473,0.8705,none,,,False,,6,0,,0.9003959563599917,
6,1,True,0.833614,0.8336,none,,,False,,6,0,,0.868511444483048,
6,3,True,0.609963,0.61,none,,,False,,6,0,,0.5925121106672355,
6,0,True,0.631713,0.6317,none,,,False,,6,0,,0.5638706484226264,
6,8,True,0.448743,0.4487,none,,,False,,6,0,,0.48571491462622607,
6,2,True,0.489645,0.4896,none,,,False,,6,0,,0.46674767240362947,
6,7,True,0.569104,0.5691,none,,,False,,6,0,,0.4354589711064878,
6,6,True,0.390233,0.3902,none,,,False,,6,0,,0.40050041905701383,
6,9,True,0.34385,0.3438,none,,,False,,6,0,,0.3134766221046448,
6,4,True,0.280068,0.2801,none,,,False,,6,0,,0.2695234312846202,
7,5,True,0.736931,0.7369,none,,,False,,7,0,,0.8704728338898731,
7,1,True,0.71063,0.7106,none,,,False,,7,0,,0.833614424762563,
7,0,True,0.570345,0.5703,none,,,False,,7,0,,0.631713238388601,
7,3,True,0.564283,0.5643,none,,,False,,7,0,,0.6099633931767612,
7,7,True,0.51187,0.5119,none,,,False,,7,0,,0.5691040806148364,
7,2,True,0.482212,0.4822,none,,,False,,7,0,,0.4896445013397366,
7,8,True,0.400738,0.4007,none,,,False,,7,0,,0.44874326837748457,
7,6,True,0.421045,0.421,none,,,False,,7,0,,0.39023323385871955,
7,9,True,0.285638,0.2856,none,,,False,,7,0,,0.34384968876838706,
7,4,True,0.266109,0.2661,none,,,False,,7,0,,0.28006800356178374,
8,5,True,0.81773,0.8177,none,,,False,,8,0,,0.7369313380297491,
8,1,True,0.805443,0.8054,none,,,False,,8,0,,0.710629638443645,
8,0,True,0.582849,0.5828,none,,,False,,8,0,,0.5703446795242,
8,3,True,0.560576,0.5606,none,,,False,,8,0,,0.5642834266834231,
8,7,True,0.448097,0.4481,none,,,False,,8,0,,0.5118695272915601,
8,2,True,0.456412,0.4564,none,,,False,,8,0,,0.48221180095008354,
8,6,True,0.37953,0.3795,none,,,False,,8,0,,0.42104474550048376,
8,8,True,0.45412,0.4541,none,,,False,,8,0,,0.40073809287543627,
8,9,True,0.369507,0.3695,none,,,False,,8,0,,0.2856376270453136,
8,4,True,0.301146,0.3011,none,,,False,,8,0,,0.2661093964411756,
9,5,True,0.967157,0.9672,none,,,False,,9,0,,0.817729617868151,
9,1,True,0.742466,0.7425,none,,,False,,9,0,,0.8054430566282353,
9,0,True,0.597963,0.598,none,,,False,,9,0,,0.5828490905087402,
9,3,True,0.571616,0.5716,none,,,False,,9,0,,0.5605758686370186,
9,2,True,0.431556,0.4316,none,,,False,,9,0,,0.4564123106240041,
9,8,True,0.507319,0.5073,none,,,False,,9,0,,0.4541199815516568,
9,7,True,0.542032,0.542,none,,,False,,9,0,,0.4480969352998594,
9,6,True,0.281629,0.2816,none,,,False,,9,0,,0.379530092003723,
9,9,True,0.33234,0.3323,none,,,False,,9,0,,0.36950653791427635,
9,4,True,0.196768,0.1968,none,,,False,,9,0,,0.3011458744916333,
10,5,True,0.948177,0.9482,none,,,False,,10,0,,0.9671566366147595,
10,1,True,0.850188,0.8502,none,,,False,,10,0,,0.742466215394501,
10,0,True,0.617593,0.6176,none,,,False,,10,0,,0.5979629976580842,
10,3,True,0.542719,0.5427,none,,,False,,10,0,,0.5716157552984871,
10,7,True,0.526081,0.5261,none,,,False,,10,0,,0.5420320828755698,
10,8,True,0.410592,0.4106,none,,,False,,10,0,,0.507319060238925,
10,2,True,0.458526,0.4585,none,,,False,,10,0,,0.43155612281305866,
10,9,True,0.324932,0.3249,none,,,False,,10,0,,0.3323396841684978,
10,6,True,0.405965,0.406,none,,,False,,10,0,,0.2816289373346277,
10,4,True,0.272237,0.2722,none,,,False,,10,0,,0.1967684696298062,
11,5,True,1.00717,1.0072,none,,,False,,11,0,,0.9481769407830651,
11,1,True,0.731304,0.7313,none,,,False,,11,0,,0.8501883775759966,
11,0,True,0.546979,0.547,none,,,False,,11,0,,0.6175932975730509,
11,3,True,0.474886,0.4749,none,,,False,,11,0,,0.5427192581063258,
11,7,True,0.5141,0.5141,none,,,False,,11,0,,0.5260807431262475,
11,2,True,0.498798,0.4988,none,,,False,,11,0,,0.45852636579257333,
11,8,True,0.515023,0.515,none,,,False,,11,0,,0.41059227600168424,
11,6,True,0.332476,0.3325,none,,,False,,11,0,,0.4059652492806718,
11,9,True,0.34097,0.341,none,,,False,,11,0,,0.3249316612879436,
11,4,True,0.253209,0.2532,none,,,False,,11,0,,0.272236509417388,
12,5,True,0.911954,0.912,none,,,False,,12,0,,1.0071696123572624,
12,1,True,0.721583,0.7216,none,,,False,,12,0,,0.7313041136814997,
12,0,True,0.627913,0.6279,none,,,False,,12,0,,0.5469793671309344,
12,8,True,0.475635,0.4756,none,,,False,,12,0,,0.5150233905257897,
12,7,True,0.569278,0.5693,none,,,False,,12,0,,0.5141003909318345,
12,2,True,0.504841,0.5048,none,,,False,,12,0,,0.49879837095440904,
12,3,True,0.530044,0.53,none,,,False,,12,0,,0.47488594089779346,
12,9,True,0.357759,0.3578,none,,,False,,12,0,,0.34096982081731175,
12,6,True,0.379543,0.3795,none,,,False,,12,0,,0.33247640142109414,
12,4,True,0.240144,0.2401,none,,,False,,12,0,,0.2532089899556442,
13,5,True,0.988598,0.9886,none,,,False,,13,0,,0.911953572549072,
13,1,True,0.887834,0.8878,none,,,False,,13,0,,0.7215829262366662,
13,0,True,0.487354,0.4874,none,,,False,,13,0,,0.6279127482211952,
13,7,True,0.556532,0.5565,none,,,False,,13,0,,0.5692780225173286,
13,3,True,0.587293,0.5873,none,,,False,,13,0,,0.5300438708594644,
13,2,True,0.503354,0.5034,none,,,False,,13,0,,0.5048405934329057,
13,8,True,0.480681,0.4807,none,,,False,,13,0,,0.4756346757425225,
13,6,True,0.369855,0.3699,none,,,False,,13,0,,0.37954310192564744,
13,9,True,0.273434,0.2734,none,,,False,,13,0,,0.3577592372894287,
13,4,True,0.229088,0.2291,none,,,False,,13,0,,0.2401444134248738,
14,5,True,0.688144,0.6881,none,,,False,,14,0,,0.988597726287628,
14,1,True,0.840277,0.8403,none,,,False,,14,0,,0.8878337898824968,
14,3,True,0.437572,0.4376,none,,,False,,14,0,,0.5872930312537314,
14,7,True,0.468029,0.468,none,,,False,,14,0,,0.5565323466839998,
14,2,True,0.400802,0.4008,none,,,False,,14,0,,0.5033544319779124,
14,0,True,0.595357,0.5954,none,,,False,,14,0,,0.4873542034264766,
14,8,True,0.426099,0.4261,none,,,False,,14,0,,0.4806806928372782,
14,6,True,0.347917,0.3479,none,,,False,,14,0,,0.3698545556270936,
14,9,True,0.295361,0.2954,none,,,False,,14,0,,0.2734340627988179,
14,4,True,0.309971,0.31,none,,,False,,14,0,,0.22908772589543713,
15,1,True,0.645173,0.6452,none,,,False,,15,0,,0.8402767018375235,
15,5,True,1.092311,1.0923,none,,,False,,15,0,,0.6881442791273613,
15,0,True,0.386461,0.3865,none,,,False,,15,0,,0.595357324137832,
15,7,True,0.544188,0.5442,none,,,False,,15,0,,0.46802864212920703,
15,3,True,0.719349,0.7193,none,,,False,,15,0,,0.4375723352972065,
15,8,True,0.541382,0.5414,none,,,False,,15,0,,0.4260992105905115,
15,2,True,0.388711,0.3887,none,,,False,,15,0,,0.4008017902943628,
15,6,True,0.494544,0.4945,none,,,False,,15,0,,0.34791732248652374,
15,4,True,0.19645,0.1964,none,,,False,,15,0,,0.3099708148635789,
15,9,True,0.287948,0.2879,none,,,False,,15,0,,0.29536061485608434,
16,5,True,0.745139,0.7451,none,,,False,,16,0,,1.0923111305183388,
16,3,True,0.37583,0.3758,none,,,False,,16,0,,0.7193487263210279,
16,1,True,0.737077,0.7371,none,,,False,,16,0,,0.6451726041288455,
16,7,True,0.534221,0.5342,none,,,False,,16,0,,0.5441881280014482,
16,8,True,0.509442,0.5094,none,,,False,,16,0,,0.5413817972331851,
16,6,True,0.18307,0.1831,none,,,False,,16,0,,0.4945435303058403,
16,2,True,0.414084,0.4141,none,,,False,,16,0,,0.3887108582169261,
16,0,True,0.779103,0.7791,none,,,False,,16,0,,0.3864608954901645,
16,9,True,0.382231,0.3822,none,,,False,,16,0,,0.2879484693209329,
16,4,True,0.329482,0.3295,none,,,False,,16,0,,0.19644970477511103,
17,0,True,0.313792,0.3138,none,,,False,,17,0,,0.779102855980998,
17,5,True,1.149725,1.1497,none,,,False,,17,0,,0.7451387917628141,
17,1,True,0.702333,0.7023,none,,,False,,17,0,,0.7370772779497325,
17,7,True,0.555522,0.5555,none,,,False,,17,0,,0.5342211084089419,
17,8,True,0.55167,0.5517,none,,,False,,17,0,,0.5094418435017118,
17,2,True,0.556461,0.5565,none,,,False,,17,0,,0.41408375068683534,
17,9,True,0.285928,0.2859,none,,,False,,17,0,,0.38223128517468763,
17,3,True,0.792581,0.7926,none,,,False,,17,0,,0.375829807213671,
17,4,True,0.265176,0.2652,none,,,False,,17,0,,0.32948226787309465,
17,6,True,0.495246,0.4952,none,,,False,,17,0,,0.18306978697021936,
18,5,True,0.768972,0.769,none,,,False,,18,0,,1.149725226961932,
18,3,True,0.356056,0.3561,none,,,False,,18,0,,0.7925813699841326,
18,1,True,0.961571,0.9616,none,,,False,,18,0,,0.7023330886139827,
18,2,True,0.452528,0.4525,none,,,False,,18,0,,0.5564611889236601,
18,7,True,0.419886,0.4199,none,,,False,,18,0,,0.555522098057512,
18,8,True,0.30796,0.308,none,,,False,,18,0,,0.5516695894425345,
18,6,True,0.314493,0.3145,none,,,False,,18,0,,0.49524609830848965,
18,0,True,0.830001,0.83,none,,,False,,18,0,,0.3137919254977293,
18,9,True,0.399243,0.3992,none,,,False,,18,0,,0.2859282890955608,
18,4,True,0.347009,0.347,none,,,False,,18,0,,0.2651759130754425,
19,1,True,0.646793,0.6468,none,,,False,,19,0,,0.9615710749585407,
19,0,True,0.342281,0.3423,none,,,False,,19,0,,0.8300011933451952,
19,5,True,1.210293,1.2103,none,,,False,,19,0,,0.7689722876588837,
19,2,True,0.493816,0.4938,none,,,False,,19,0,,0.45252844290946825,
19,7,True,0.446218,0.4462,none,,,False,,19,0,,0.4198864577473076,
19,9,True,0.353084,0.3531,none,,,False,,19,0,,0.3992430170377097,
19,3,True,0.79077,0.7908,none,,,False,,19,0,,0.3560557756437792,
19,4,True,0.32869,0.3287,none,,,False,,19,0,,0.3470088090299579,
19,6,True,0.492326,0.4923,none,,,False,,19,0,,0.3144929749625067,
19,8,True,0.52479,0.5248,none,,,False,,19,0,,0.307959862233093,
20,5,True,0.697528,0.6975,none,,,False,,20,0,,1.210293060591241,
20,3,True,0.303633,0.3036,none,,,False,,20,0,,0.7907699739292848,
20,1,True,1.012979,1.013,none,,,False,,20,0,,0.6467931015878661,
20,8,True,0.310908,0.3109,none,,,False,,20,0,,0.524790352041071,
20,2,True,0.499737,0.4997,none,,,False,,20,0,,0.49381626126778055,
20,6,True,0.306629,0.3066,none,,,False,,20,0,,0.4923264055178431,
20,7,True,0.444782,0.4448,none,,,False,,20,0,,0.44621780298758207,
20,9,True,0.400441,0.4004,none,,,False,,20,0,,0.35308350125948573,
20,0,True,0.885513,0.8855,none,,,False,,20,0,,0.3422808059538254,
20,4,True,0.349039,0.349,none,,,False,,20,0,,0.3286896784969373,
21,1,True,0.683911,0.6839,none,,,False,,21,0,,1.0129790183825371,
21,0,True,0.241095,0.2411,none,,,False,,21,0,,0.8855126149726635,
21,5,True,1.121059,1.1211,none,,,False,,21,0,,0.697528196650059,
21,2,True,0.466891,0.4669,none,,,False,,21,0,,0.4997373878659299,
21,7,True,0.505534,0.5055,none,,,False,,21,0,,0.4447823054548623,
21,9,True,0.293633,0.2936,none,,,False,,21,0,,0.400441159804662,
21,4,True,0.281367,0.2814,none,,,False,,21,0,,0.34903929103933007,
21,8,True,0.543977,0.544,none,,,False,,21,0,,0.3109078455944452,
21,6,True,0.430432,0.4304,none,,,False,,21,0,,0.30662919563676394,
21,3,True,0.827537,0.8275,none,,,False,,21,0,,0.3036330978133337,
22,5,True,0.672684,0.6727,none,,,False,,22,0,,1.1210591392356808,
22,3,True,0.266722,0.2667,none,,,False,,22,0,,0.8275366407347347,
22,1,True,0.967256,0.9673,none,,,False,,22,0,,0.6839114162656996,
22,8,True,0.47189,0.4719,none,,,False,,22,0,,0.5439770507016297,
22,7,True,0.427145,0.4271,none,,,False,,22,0,,0.5055340960405876,
22,2,True,0.454069,0.4541,none,,,False,,22,0,,0.4668907437158458,
22,6,True,0.376427,0.3764,none,,,False,,22,0,,0.4304318405026175,
22,9,True,0.379813,0.3798,none,,,False,,22,0,,0.29363322257995605,
22,4,True,0.311105,0.3111,none,,,False,,22,0,,0.2813671342230708,
22,0,True,0.806866,0.8069,none,,,False,,22,0,,0.24109547812529275,
23,1,True,0.735824,0.7358,none,,,False,,23,0,,0.9672563728104289,
23,0,True,0.396927,0.3969,none,,,False,,23,0,,0.8068657942492552,
23,5,True,0.883349,0.8833,none,,,False,,23,0,,0.6726836246602674,
23,8,True,0.492523,0.4925,none,,,False,,23,0,,0.47188964801285826,
23,2,True,0.472206,0.4722,none,,,False,,23,0,,0.4540692988912858,
23,7,True,0.451569,0.4516,none,,,False,,23,0,,0.42714495935301855,
23,9,True,0.354812,0.3548,none,,,False,,23,0,,0.3798130055268605,
23,6,True,0.422736,0.4227,none,,,False,,23,0,,0.3764272118167067,
23,4,True,0.247402,0.2474,none,,,False,,23,0,,0.311104582404776,
23,3,True,0.766078,0.7661,none,,,False,,23,0,,0.2667217495133465,
24,5,True,0.767533,0.7675,none,,,False,,24,0,,0.8833490922337488,
24,3,True,0.290764,0.2908,none,,,False,,24,0,,0.7660784364957769,
24,1,True,0.730745,0.7307,none,,,False,,24,0,,0.7358240459719276,
24,8,True,0.503296,0.5033,none,,,False,,24,0,,0.4925228246731308,
24,2,True,0.371982,0.372,none,,,False,,24,0,,0.47220601371271687,
24,7,True,0.505427,0.5054,none,,,False,,24,0,,0.45156904579936596,
24,6,True,0.298996,0.299,none,,,False,,24,0,,0.42273557876528023,
24,0,True,0.496105,0.4961,none,,,False,,24,0,,0.3969266737350312,
24,9,True,0.361123,0.3611,none,,,False,,24,0,,0.35481208562850974,
24,4,True,0.218449,0.2184,none,,,False,,24,0,,0.24740228444779722,
25,5,True,0.568585,0.5686,none,,,False,,25,0,,0.7675330158041305,
25,1,True,0.735531,0.7355,none,,,False,,25,0,,0.7307454581953521,
25,7,True,0.444618,0.4446,none,,,False,,25,0,,0.5054273156152256,
25,8,True,0.488172,0.4882,none,,,False,,25,0,,0.5032958539828298,
25,0,True,0.329606,0.3296,none,,,False,,25,0,,0.49610535953984103,
25,2,True,0.513743,0.5137,none,,,False,,25,0,,0.37198245228819604,
25,9,True,0.352102,0.3521,none,,,False,,25,0,,0.361123263835907,
25,6,True,0.47369,0.4737,none,,,False,,25,0,,0.2989963578441428,
25,3,True,0.691671,0.6917,none,,,False,,25,0,,0.29076434185266153,
25,4,True,0.395029,0.395,none,,,False,,25,0,,0.2184485509328824,
26,1,True,0.82672,0.8267,none,,,False,,26,0,,0.7355313097309863,
26,3,True,0.318455,0.3185,none,,,False,,26,0,,0.691671041341928,
26,5,True,0.768893,0.7689,none,,,False,,26,0,,0.5685848782376415,
26,2,True,0.484652,0.4847,none,,,False,,26,0,,0.5137432125670398,
26,8,True,0.451807,0.4518,none,,,False,,26,0,,0.4881715694915829,
26,6,True,0.320053,0.3201,none,,,False,,26,0,,0.4736902934704046,
26,7,True,0.449853,0.4499,none,,,False,,26,0,,0.4446180609689243,
26,4,True,0.262999,0.263,none,,,False,,26,0,,0.39502857387360457,
26,9,True,0.392195,0.3922,none,,,False,,26,0,,0.3521017531553903,
26,0,True,0.587642,0.5876,none,,,False,,26,0,,0.3296062259963066,
27,1,True,0.719281,0.7193,none,,,False,,27,0,,0.8267198327260139,
27,5,True,0.628811,0.6288,none,,,False,,27,0,,0.7688934375591974,
27,0,True,0.413967,0.414,none,,,False,,27,0,,0.5876424428188438,
27,2,True,0.417252,0.4173,none,,,False,,27,0,,0.48465230690306127,
27,8,True,0.486104,0.4861,none,,,False,,27,0,,0.4518067710695992,
27,7,True,0.491103,0.4911,none,,,False,,27,0,,0.4498526428056797,
27,9,True,0.328937,0.3289,none,,,False,,27,0,,0.39219470818837476,
27,6,True,0.375225,0.3752,none,,,False,,27,0,,0.32005279957097477,
27,3,True,0.61951,0.6195,none,,,False,,27,0,,0.31845488932378396,
27,4,True,0.33111,0.3311,none,,,False,,27,0,,0.26299903420286475,
28,1,True,0.757116,0.7571,none,,,False,,28,0,,0.7192809989309716,
28,5,True,0.697394,0.6974,none,,,False,,28,0,,0.6288111630608053,
28,3,True,0.36329,0.3633,none,,,False,,28,0,,0.6195097473086395,
28,7,True,0.54595,0.546,none,,,False,,28,0,,0.4911031066507532,
28,8,True,0.392437,0.3924,none,,,False,,28,0,,0.4861044107430057,
28,2,True,0.544585,0.5446,none,,,False,,28,0,,0.41725175119751134,
28,0,True,0.592449,0.5924,none,,,False,,28,0,,0.413967101260869,
28,6,True,0.240975,0.241,none,,,False,,28,0,,0.37522507450295217,
28,4,True,0.191692,0.1917,none,,,False,,28,0,,0.3311102292093846,
28,9,True,0.338204,0.3382,none,,,False,,28,0,,0.3289374808470409,
29,1,True,0.747525,0.7475,none,,,False,,29,0,,0.7571159957820535,
29,5,True,1.212928,1.2129,none,,,False,,29,0,,0.697394158659863,
29,0,True,0.337995,0.338,none,,,False,,29,0,,0.5924492708360305,
29,7,True,0.540448,0.5404,none,,,False,,29,0,,0.5459504939507744,
29,2,True,0.52873,0.5287,none,,,False,,29,0,,0.5445849290534632,
29,8,True,0.612309,0.6123,none,,,False,,29,0,,0.3924374354792439,
29,3,True,0.678762,0.6788,none,,,False,,29,0,,0.36329045783625635,
29,9,True,0.331554,0.3316,none,,,False,,29,0,,0.33820387721061684,
29,6,True,0.474277,0.4743,none,,,False,,29,0,,0.24097506097845134,
29,4,True,0.335918,0.3359,none,,,False,,29,0,,0.1916920410153109,
30,5,True,0.622256,0.6223,none,,,False,,30,0,,1.2129276927445782,
30,1,True,0.85473,0.8547,none,,,False,,30,0,,0.7475247072358415,
30,3,True,0.301365,0.3014,none,,,False,,30,0,,0.6787620412594,
30,8,True,0.421237,0.4212,none,,,False,,30,0,,0.6123089087031548,
30,7,True,0.603678,0.6037,none,,,False,,30,0,,0.5404482889866484,
30,2,True,0.54835,0.5483,none,,,False,,30,0,,0.528730410248486,
30,6,True,0.340771,0.3408,none,,,False,,30,0,,0.4742770554015996,
30,0,True,0.617956,0.618,none,,,False,,30,0,,0.33799511615676114,
30,4,True,0.244113,0.2441,none,,,False,,30,0,,0.3359182860941625,
30,9,True,0.372156,0.3722,none,,,False,,30,0,,0.3315543929735818,
31,1,True,0.745819,0.7458,none,,,False,,31,0,,0.854730159808428,
31,5,True,1.107003,1.107,none,,,False,,31,0,,0.6222559801336764,
31,0,True,0.426929,0.4269,none,,,False,,31,0,,0.6179564897460166,
31,7,True,0.532167,0.5322,none,,,False,,31,0,,0.603677575139032,
31,2,True,0.506264,0.5063,none,,,False,,31,0,,0.5483498881705364,
31,8,True,0.468775,0.4688,none,,,False,,31,0,,0.42123687576937985,
31,9,True,0.284059,0.2841,none,,,False,,31,0,,0.37215583523114515,
31,6,True,0.489089,0.4891,none,,,False,,31,0,,0.3407706197164233,
31,3,True,0.597492,0.5975,none,,,False,,31,0,,0.30136497688570274,
31,4,True,0.241675,0.2417,none,,,False,,31,0,,0.24411273159737257,
32,5,True,0.548571,0.5486,none,,,False,,32,0,,1.1070033505517227,
32,1,True,0.659881,0.6599,none,,,False,,32,0,,0.7458185100147867,
32,3,True,0.498049,0.498,none,,,False,,32,0,,0.5974917693823272,
32,7,True,0.545987,0.546,none,,,False,,32,0,,0.5321672290995503,
32,2,True,0.536568,0.5366,none,,,False,,32,0,,0.5062643615760614,
32,6,True,0.082751,0.0828,none,,,False,,32,0,,0.4890890995968262,
32,8,True,0.382626,0.3826,none,,,False,,32,0,,0.4687749300020745,
32,0,True,0.544176,0.5442,none,,,False,,32,0,,0.4269287150315566,
32,9,True,0.40574,0.4057,none,,,False,,32,0,,0.28405892848968506,
32,4,True,0.256068,0.2561,none,,,False,,32,0,,0.24167518973154123,
33,1,True,0.835331,0.8353,none,,,False,,33,0,,0.6598806911044652,
33,5,True,0.539044,0.539,none,,,False,,33,0,,0.5485708516518943,
33,7,True,0.654113,0.6541,none,,,False,,33,0,,0.5459868303243662,
33,0,True,0.45633,0.4563,none,,,False,,33,0,,0.5441757613962346,
33,2,True,0.25533,0.2553,none,,,False,,33,0,,0.5365676526999592,
33,3,True,0.539003,0.539,none,,,False,,33,0,,0.4980493283929257,
33,9,True,0.256275,0.2563,none,,,False,,33,0,,0.40574026107788064,
33,8,True,0.469246,0.4692,none,,,False,,33,0,,0.3826264074428183,
33,4,True,0.216781,0.2168,none,,,False,,33,0,,0.2560681206783313,
33,6,True,0.287652,0.2877,none,,,False,,33,0,,0.08275093673278922,
34,1,True,0.710746,0.7107,none,,,False,,34,0,,0.8353305025997324,
34,7,True,0.563864,0.5639,none,,,False,,34,0,,0.6541133376135342,
34,5,True,0.571218,0.5712,none,,,False,,34,0,,0.5390440823317242,
34,3,True,0.470411,0.4704,none,,,False,,34,0,,0.5390028946631531,
34,8,True,0.459526,0.4595,none,,,False,,34,0,,0.46924628021544557,
34,0,True,0.51415,0.5141,none,,,False,,34,0,,0.4563304458001647,
34,6,True,0.33373,0.3337,none,,,False,,34,0,,0.28765245340045364,
34,9,True,0.419261,0.4193,none,,,False,,34,0,,0.25627508759498596,
34,2,True,0.525528,0.5255,none,,,False,,34,0,,0.2553302779126523,
34,4,True,0.263905,0.2639,none,,,False,,34,0,,0.21678110461258626,
35,1,True,0.779867,0.7799,none,,,False,,35,0,,0.7107464472452798,
35,5,True,0.765085,0.7651,none,,,False,,35,0,,0.5712182483419318,
35,7,True,0.656206,0.6562,none,,,False,,35,0,,0.5638637680938279,
35,2,True,0.458305,0.4583,none,,,False,,35,0,,0.5255277127175784,
35,0,True,0.438057,0.4381,none,,,False,,35,0,,0.514149527838736,
35,3,True,0.505281,0.5053,none,,,False,,35,0,,0.470410558066624,
35,8,True,0.524608,0.5246,none,,,False,,35,0,,0.4595264019461862,
35,9,True,0.235953,0.236,none,,,False,,35,0,,0.4192605415980022,
35,6,True,0.431403,0.4314,none,,,False,,35,0,,0.333730455300983,
35,4,True,0.295918,0.2959,none,,,False,,35,0,,0.2639050680094537,
36,1,True,0.798466,0.7985,none,,,False,,36,0,,0.7798674076031415,
36,5,True,0.625168,0.6252,none,,,False,,36,0,,0.7650847010919695,
36,7,True,0.612479,0.6125,none,,,False,,36,0,,0.6562063331189363,
36,8,True,0.394393,0.3944,none,,,False,,36,0,,0.5246081847649118,
36,3,True,0.422397,0.4224,none,,,False,,36,0,,0.5052812836512772,
36,2,True,0.366295,0.3663,none,,,False,,36,0,,0.458304957963934,
36,0,True,0.609515,0.6095,none,,,False,,36,0,,0.43805697156925394,
36,6,True,0.305048,0.305,none,,,False,,36,0,,0.4314027762320971,
36,4,True,0.180598,0.1806,none,,,False,,36,0,,0.29591846524981724,
36,9,True,0.430269,0.4303,none,,,False,,36,0,,0.2359527349472046,
37,1,True,0.748058,0.7481,none,,,False,,37,0,,0.7984658194403362,
37,5,True,1.001952,1.002,none,,,False,,37,0,,0.625168373938702,
37,7,True,0.710759,0.7108,none,,,False,,37,0,,0.6124794465908103,
37,0,True,0.378403,0.3784,none,,,False,,37,0,,0.6095146270713421,
37,9,True,0.157265,0.1573,none,,,False,,37,0,,0.43026870489120483,
37,3,True,0.578667,0.5787,none,,,False,,37,0,,0.4223974159390209,
37,8,True,0.649783,0.6498,none,,,False,,37,0,,0.39439340137594936,
37,2,True,0.495727,0.4957,none,,,False,,37,0,,0.3662952813343028,
37,6,True,0.432824,0.4328,none,,,False,,37,0,,0.305047608710624,
37,4,True,0.261616,0.2616,none,,,False,,37,0,,0.18059783791003148,
38,5,True,0.576385,0.5764,none,,,False,,38,0,,1.0019520848405128,
38,1,True,0.88943,0.8894,none,,,False,,38,0,,0.7480583639226408,
38,7,True,0.716987,0.717,none,,,False,,38,0,,0.7107590298721755,
38,8,True,0.484806,0.4848,none,,,False,,38,0,,0.649782932755677,
38,3,True,0.498001,0.498,none,,,False,,38,0,,0.5786673425763023,
38,2,True,0.536734,0.5367,none,,,False,,38,0,,0.49572664766169305,
38,6,True,0.364805,0.3648,none,,,False,,38,0,,0.43282367501940033,
38,0,True,0.828861,0.8289,none,,,False,,38,0,,0.3784028245945168,
38,4,True,0.234736,0.2347,none,,,False,,38,0,,0.2616164161895802,
38,9,True,0.517035,0.517,none,,,False,,38,0,,0.15726488828659058,
39,1,True,0.678811,0.6788,none,,,False,,39,0,,0.88942987490923,
39,0,True,0.39546,0.3955,none,,,False,,39,0,,0.8288610453557486,
39,7,True,0.747762,0.7478,none,,,False,,39,0,,0.7169869360716445,
39,5,True,0.755895,0.7559,none,,,False,,39,0,,0.5763854656566758,
39,2,True,0.322494,0.3225,none,,,False,,39,0,,0.5367339576654768,
39,9,True,0.32781,0.3278,none,,,False,,39,0,,0.5170346895853679,
39,3,True,0.619526,0.6195,none,,,False,,39,0,,0.49800129362391465,
39,8,True,0.388606,0.3886,none,,,False,,39,0,,0.48480562177350217,
39,6,True,0.441651,0.4417,none,,,False,,39,0,,0.3648053527338624,
39,4,True,0.199876,0.1999,none,,,False,,39,0,,0.23473604565986483,
40,5,True,0.67789,0.6779,none,,,False,,40,0,,0.7558951139116152,
40,7,True,0.699494,0.6995,none,,,False,,40,0,,0.7477621410204016,
40,1,True,0.882995,0.883,none,,,False,,40,0,,0.6788109520561676,
40,3,True,0.411137,0.4111,none,,,False,,40,0,,0.6195258424659253,
40,6,True,-0.383449,-0.3834,none,,,False,,40,0,,0.44165132542834784,
40,0,True,0.671975,0.672,none,,,False,,40,0,,0.39545996333613553,
40,8,True,0.427391,0.4274,none,,,False,,40,0,,0.38860568641952775,
40,9,True,0.331592,0.3316,none,,,False,,40,0,,0.3278097013632457,
40,2,True,0.493488,0.4935,none,,,False,,40,0,,0.32249407803834385,
40,4,True,0.280886,0.2809,none,,,False,,40,0,,0.1998759007336084,
41,1,True,0.732911,0.7329,none,,,False,,41,0,,0.8829951378015373,
41,7,True,0.716516,0.7165,none,,,False,,41,0,,0.6994942029317219,
41,5,True,0.530073,0.5301,none,,,False,,41,0,,0.6778895711364532,
41,0,True,0.488312,0.4883,none,,,False,,41,0,,0.6719746765464245,
41,2,True,0.429291,0.4293,none,,,False,,41,0,,0.49348829990595733,
41,8,True,0.329034,0.329,none,,,False,,41,0,,0.42739109448908863,
41,3,True,0.498446,0.4984,none,,,False,,41,0,,0.41113702565734367,
41,9,True,0.216775,0.2168,none,,,False,,41,0,,0.33159206310907985,
41,4,True,0.151894,0.1519,none,,,False,,41,0,,0.2808855316391494,
41,10,True,0.592531,0.5925,none,,,False,,41,0,,0.0,
42,1,True,0.931113,0.9311,none,,,False,,42,0,,0.7329107359943228,
42,7,True,0.663903,0.6639,none,,,False,,42,0,,0.7165162857028022,
42,10,True,0.49279,0.4928,none,,,False,,42,0,,0.5925311274998344,
42,5,True,0.755895,0.7559,none,,,False,,42,0,,0.5300734340309763,
42,3,True,0.378071,0.3781,none,,,False,,42,0,,0.49844630882252106,
42,0,True,0.641874,0.6419,none,,,False,,42,0,,0.48831181478018726,
42,2,True,0.366618,0.3666,none,,,False,,42,0,,0.4292912696724507,
42,8,True,0.512361,0.5124,none,,,False,,42,0,,0.3290340626173427,
42,9,True,0.41902,0.419,none,,,False,,42,0,,0.21677530805269885,
42,4,True,0.216175,0.2162,none,,,False,,42,0,,0.15189353971936947,
43,1,True,0.921089,0.9211,none,,,False,,43,0,,0.931112989401206,
43,5,True,0.818794,0.8188,none,,,False,,43,0,,0.7558951097376205,
43,7,True,0.663677,0.6637,none,,,False,,43,0,,0.6639027733733689,
43,0,True,0.525947,0.5259,none,,,False,,43,0,,0.6418739636739095,
43,8,True,0.503219,0.5032,none,,,False,,43,0,,0.5123605885178348,
43,10,True,0.585671,0.5857,none,,,False,,43,0,,0.49278954714849044,
43,9,True,0.284649,0.2846,none,,,False,,43,0,,0.4190196692943573,
43,3,True,0.389613,0.3896,none,,,False,,43,0,,0.3780713604738819,
43,2,True,0.379018,0.379,none,,,False,,43,0,,0.36661781303918173,
43,4,True,0.229502,0.2295,none,,,False,,43,0,,0.21617513237125197,
44,1,True,0.916034,0.916,none,,,False,,44,0,,0.9210889787755461,
44,5,True,0.78921,0.7892,none,,,False,,44,0,,0.8187939910327687,
44,7,True,0.725949,0.7259,none,,,False,,44,0,,0.6636766195297239,
44,10,True,0.544891,0.5449,none,,,False,,44,0,,0.5856710929790634,
44,0,True,0.573314,0.5733,none,,,False,,44,0,,0.525946751507846,
44,8,True,0.477406,0.4774,none,,,False,,44,0,,0.5032191460119328,
44,3,True,0.357206,0.3572,none,,,False,,44,0,,0.38961251103826133,
44,2,True,0.290442,0.2904,none,,,False,,44,0,,0.37901835002709383,
44,9,True,0.408496,0.4085,none,,,False,,44,0,,0.2846486667792003,
44,4,True,0.212086,0.2121,none,,,False,,44,0,,0.22950195559166997,
45,1,True,0.931377,0.9314,none,,,False,,45,0,,0.9160342292907913,
45,5,True,0.755293,0.7553,none,,,False,,45,0,,0.7892100213288593,
45,7,True,0.696686,0.6967,none,,,False,,45,0,,0.7259487293768618,
45,0,True,0.654484,0.6545,none,,,False,,45,0,,0.5733141728121827,
45,10,True,0.531488,0.5315,none,,,False,,45,0,,0.5448908553433369,
45,8,True,0.438359,0.4384,none,,,False,,45,0,,0.4774062518507298,
45,9,True,0.371206,0.3712,none,,,False,,45,0,,0.4084959526856742,
45,3,True,0.374174,0.3742,none,,,False,,45,0,,0.3572063119041211,
45,2,True,0.351112,0.3511,none,,,False,,45,0,,0.2904417823203169,
45,4,True,0.262555,0.2626,none,,,False,,45,0,,0.21208647605418385,
46,1,True,0.822441,0.8224,none,,,False,,46,0,,0.9313767689924974,
46,5,True,0.860195,0.8602,none,,,False,,46,0,,0.7552925431761754,
46,7,True,0.716477,0.7165,none,,,False,,46,0,,0.6966860950856968,
46,0,True,0.504405,0.5044,none,,,False,,46,0,,0.6544835820342556,
46,10,True,0.509453,0.5095,none,,,False,,46,0,,0.5314879287463814,
46,8,True,0.300525,0.3005,none,,,False,,46,0,,0.4383594304157321,
46,3,True,0.441852,0.4419,none,,,False,,46,0,,0.3741743068044521,
46,9,True,0.397012,0.397,none,,,False,,46,0,,0.3712064425150554,
46,2,True,0.452825,0.4528,none,,,False,,46,0,,0.35111222575553014,
46,4,True,0.243662,0.2437,none,,,False,,46,0,,0.2625545903524811,
47,5,True,0.779114,0.7791,none,,,False,,47,0,,0.860194737837762,
47,1,True,0.889182,0.8892,none,,,False,,47,0,,0.822440777069483,
47,7,True,0.683765,0.6838,none,,,False,,47,0,,0.7164773267248405,
47,10,True,0.481108,0.4811,none,,,False,,47,0,,0.5094531657060986,
47,0,True,0.235616,0.2356,none,,,False,,47,0,,0.504404888249407,
47,2,True,0.081275,0.0813,none,,,False,,47,0,,0.45282483871896484,
47,3,True,0.351466,0.3515,none,,,False,,47,0,,0.44185165621891764,
47,9,True,0.368716,0.3687,none,,,False,,47,0,,0.3970115284125011,
47,8,True,0.4921,0.4921,none,,,False,,47,0,,0.3005246439316276,
47,4,True,0.245607,0.2456,none,,,False,,47,0,,0.24366209338092326,
48,1,True,0.86866,0.8687,none,,,False,,48,0,,0.8891821070614023,
48,5,True,0.8493,0.8493,none,,,False,,48,0,,0.7791136393026142,
48,7,True,0.700147,0.7001,none,,,False,,48,0,,0.683765048566072,
48,8,True,0.456204,0.4562,none,,,False,,48,0,,0.4921004152917243,
48,10,True,0.508477,0.5085,none,,,False,,48,0,,0.48110778151818034,
48,9,True,0.38015,0.3801,none,,,False,,48,0,,0.3687164982159934,
48,3,True,0.356444,0.3564,none,,,False,,48,0,,0.35146591781012737,
48,4,True,0.248497,0.2485,none,,,False,,48,0,,0.24560740850313478,
48,0,True,0.500842,0.5008,none,,,False,,48,0,,0.23561649105765592,
48,2,True,0.426982,0.427,none,,,False,,48,0,,0.08127469447121682,
49,1,True,0.766582,0.7666,none,,,False,,49,0,,0.8686602849226732,
49,5,True,0.797346,0.7973,none,,,False,,49,0,,0.849300434025062,
49,7,True,0.723123,0.7231,none,,,False,,49,0,,0.7001470223717068,
49,10,True,0.561281,0.5613,none,,,False,,49,0,,0.5084770667977805,
49,0,True,0.638219,0.6382,none,,,False,,49,0,,0.5008420619097622,
49,8,True,0.498593,0.4986,none,,,False,,49,0,,0.45620354739102464,
49,2,True,0.276895,0.2769,none,,,False,,49,0,,0.4269819407913815,
49,9,True,0.253332,0.2533,none,,,False,,49,0,,0.3801496426264446,
49,3,True,0.322844,0.3228,none,,,False,,49,0,,0.3564440849384478,
49,4,True,0.115334,0.1153,none,,,False,,49,0,,0.2484965006248563,
50,5,True,0.566775,0.5668,none,,,False,,50,0,,0.7973459488203546,
50,1,True,0.883246,0.8832,none,,,False,,50,0,,0.7665820376485841,
50,7,True,0.754269,0.7543,none,,,False,,50,0,,0.723122728043708,
50,0,True,0.656074,0.6561,none,,,False,,50,0,,0.6382186781276358,
50,10,True,0.628176,0.6282,none,,,False,,50,0,,0.5612814871270202,
50,8,True,0.510461,0.5105,none,,,False,,50,0,,0.4985930862143664,
50,3,True,0.362831,0.3628,none,,,False,,50,0,,0.3228438049338551,
50,2,True,0.445982,0.446,none,,,False,,50,0,,0.27689457888626934,
50,9,True,0.457456,0.4575,none,,,False,,50,0,,0.25333174069722486,
50,4,True,0.305393,0.3054,none,,,False,,50,0,,0.1153343136267373,
51,1,True,0.890493,0.8905,none,,,False,,51,0,,0.8832458023332124,
51,7,True,0.724033,0.724,none,,,False,,51,0,,0.7542689848637236,
51,0,True,0.518948,0.5189,none,,,False,,51,0,,0.6560740408271248,
51,10,True,0.540689,0.5407,none,,,False,,51,0,,0.6281763922493413,
51,5,True,0.619592,0.6196,none,,,False,,51,0,,0.5667751680235235,
51,8,True,0.439185,0.4392,none,,,False,,51,0,,0.5104611234010261,
51,9,True,0.403222,0.4032,none,,,False,,51,0,,0.45745613177617406,
51,2,True,0.295874,0.2959,none,,,False,,51,0,,0.4459817231591068,
51,3,True,0.383736,0.3837,none,,,False,,51,0,,0.36283087721756835,
51,4,True,0.219526,0.2195,none,,,False,,51,0,,0.3053926378734029,
52,1,True,0.698481,0.6985,none,,,False,,52,0,,0.8904926471221142,
52,7,True,0.661571,0.6616,none,,,False,,52,0,,0.7240331207496531,
52,5,True,0.732052,0.7321,none,,,False,,52,0,,0.6195915214487819,
52,10,True,0.471042,0.471,none,,,False,,52,0,,0.5406893136866187,
52,0,True,0.517254,0.5173,none,,,False,,52,0,,0.5189483199456726,
52,8,True,0.424555,0.4246,none,,,False,,52,0,,0.43918513521856206,
52,9,True,0.416868,0.4169,none,,,False,,52,0,,0.4032215873400371,
52,3,True,0.346477,0.3465,none,,,False,,52,0,,0.38373622544791064,
52,2,True,0.401769,0.4018,none,,,False,,52,0,,0.29587372084755215,
52,4,True,0.057301,0.0573,none,,,False,,52,0,,0.21952639949773434,
53,5,True,0.865332,0.8653,none,,,False,,53,0,,0.7320523934871876,
53,1,True,0.803099,0.8031,none,,,False,,53,0,,0.6984814303553002,
53,7,True,0.60855,0.6086,none,,,False,,53,0,,0.6615709550138835,
53,0,True,0.594962,0.595,none,,,False,,53,0,,0.5172536286440763,
53,10,True,0.493454,0.4935,none,,,False,,53,0,,0.4710415134389945,
53,8,True,0.43046,0.4305,none,,,False,,53,0,,0.42455518356280786,
53,9,True,0.365632,0.3656,none,,,False,,53,0,,0.41686836878458666,
53,2,True,0.281536,0.2815,none,,,False,,53,0,,0.40176935694110916,
53,3,True,0.375532,0.3755,none,,,False,,53,0,,0.34647691872711617,
53,4,True,0.268502,0.2685,none,,,False,,53,0,,0.05730120864692201,
54,5,True,0.696652,0.6967,none,,,False,,54,0,,0.8653321716965748,
54,1,True,0.847049,0.847,none,,,False,,54,0,,0.8030986979476409,
54,7,True,0.786788,0.7868,none,,,False,,54,0,,0.6085500734439793,
54,0,True,0.614314,0.6143,none,,,False,,54,0,,0.5949618447910656,
54,10,True,0.57734,0.5773,none,,,False,,54,0,,0.4934538755276918,
54,8,True,0.303868,0.3039,none,,,False,,54,0,,0.4304603329394878,
54,3,True,0.399043,0.399,none,,,False,,54,0,,0.37553200354942917,
54,9,True,0.357795,0.3578,none,,,False,,54,0,,0.3656322658061981,
54,2,True,0.387644,0.3876,none,,,False,,54,0,,0.28153604654530384,
54,4,True,0.098473,0.0985,none,,,False,,54,0,,0.2685018665904466,
55,1,True,0.689726,0.6897,none,,,False,,55,0,,0.8470493631485181,
55,7,True,0.643908,0.6439,none,,,False,,55,0,,0.7867875928464141,
55,5,True,0.766565,0.7666,none,,,False,,55,0,,0.6966517402344392,
55,0,True,0.454555,0.4546,none,,,False,,55,0,,0.6143140930117983,
55,10,True,0.427295,0.4273,none,,,False,,55,0,,0.5773397354209948,
55,3,True,0.325733,0.3257,none,,,False,,55,0,,0.39904324773088073,
55,2,True,0.198115,0.1981,none,,,False,,55,0,,0.3876435584689848,
55,9,True,0.398534,0.3985,none,,,False,,55,0,,0.3577951192855835,
55,8,True,0.29398,0.294,none,,,False,,55,0,,0.30386797815616595,
55,4,True,0.302437,0.3024,none,,,False,,55,0,,0.09847301352750715,
56,5,True,0.75779,0.7578,none,,,False,,56,0,,0.7665651886403061,
56,1,True,0.722599,0.7226,none,,,False,,56,0,,0.6897256323414989,
56,7,True,0.750052,0.7501,none,,,False,,56,0,,0.6439082622528076,
56,0,True,0.539121,0.5391,none,,,False,,56,0,,0.45455548161208026,
56,10,True,0.552583,0.5526,none,,,False,,56,0,,0.4272949408185307,
56,9,True,0.358618,0.3586,none,,,False,,56,0,,0.3985336422920227,
56,3,True,0.403466,0.4035,none,,,False,,56,0,,0.3257332445921157,
56,4,True,0.227488,0.2275,none,,,False,,56,0,,0.3024373853815445,
56,8,True,0.456926,0.4569,none,,,False,,56,0,,0.2939799805076755,
56,2,True,0.329852,0.3299,none,,,False,,56,0,,0.19811468575131252,
57,5,True,0.822936,0.8229,none,,,False,,57,0,,0.7577903254025458,
57,7,True,0.70368,0.7037,none,,,False,,57,0,,0.7500523501548213,
57,1,True,0.851172,0.8512,none,,,False,,57,0,,0.7225994014332437,
57,10,True,0.524166,0.5242,none,,,False,,57,0,,0.552583267103951,
57,0,True,0.389464,0.3895,none,,,False,,57,0,,0.5391206339152173,
57,8,True,0.286047,0.286,none,,,False,,57,0,,0.45692595480103226,
57,3,True,0.393043,0.393,none,,,False,,57,0,,0.4034658801918971,
57,9,True,0.284747,0.2847,none,,,False,,57,0,,0.3586180508136749,
57,2,True,0.48666,0.4867,none,,,False,,57,0,,0.3298518470863798,
57,4,True,0.280317,0.2803,none,,,False,,57,0,,0.2274880601703826,
58,1,True,0.790596,0.7906,none,,,False,,58,0,,0.8511722536168547,
58,5,True,0.823651,0.8237,none,,,False,,58,0,,0.8229362343539711,
58,7,True,0.755822,0.7558,none,,,False,,58,0,,0.7036804375441177,
58,10,True,0.487363,0.4874,none,,,False,,58,0,,0.5241660651920728,
58,2,True,0.346181,0.3462,none,,,False,,58,0,,0.4866598097246084,
58,3,True,0.321338,0.3213,none,,,False,,58,0,,0.3930433881300106,
58,0,True,0.501104,0.5011,none,,,False,,58,0,,0.3894639549833354,
58,8,True,0.471814,0.4718,none,,,False,,58,0,,0.28604711274269135,
58,9,True,0.29741,0.2974,none,,,False,,58,0,,0.28474724292755127,
58,4,True,0.273954,0.274,none,,,False,,58,0,,0.28031726488367936,
59,5,True,0.636542,0.6365,none,,,False,,59,0,,0.823650556452134,
59,1,True,0.657456,0.6575,none,,,False,,59,0,,0.7905961855863914,
59,7,True,0.70338,0.7034,none,,,False,,59,0,,0.7558215770168581,
59,0,True,0.555527,0.5555,none,,,False,,59,0,,0.501103614315842,
59,10,True,0.5671,0.5671,none,,,False,,59,0,,0.4873633360962697,
59,8,True,0.431067,0.4311,none,,,False,,59,0,,0.4718137008582064,
59,2,True,0.411008,0.411,none,,,False,,59,0,,0.3461813167553043,
59,3,True,0.405174,0.4052,none,,,False,,59,0,,0.3213376837994779,
59,9,True,0.370393,0.3704,none,,,False,,59,0,,0.29741033911705017,
59,4,True,0.119782,0.1198,none,,,False,,59,0,,0.2739537873810167,
60,7,True,0.677866,0.6779,none,,,False,,60,0,,0.7033799178358437,
60,1,True,0.670982,0.671,none,,,False,,60,0,,0.657456025099143,
60,5,True,0.772644,0.7726,none,,,False,,60,0,,0.6365416034930895,
60,10,True,0.522961,0.523,none,,,False,,60,0,,0.5671001102939341,
60,0,True,0.499005,0.499,none,,,False,,60,0,,0.5555274476908674,
60,8,True,0.499647,0.4996,none,,,False,,60,0,,0.431067156437819,
60,2,True,0.428424,0.4284,none,,,False,,60,0,,0.4110078257114731,
60,3,True,0.293782,0.2938,none,,,False,,60,0,,0.4051742325327392,
60,9,True,0.361083,0.3611,none,,,False,,60,0,,0.37039292852083827,
60,4,True,0.23779,0.2378,none,,,False,,60,0,,0.11978179618986284,
61,5,True,0.79493,0.7949,none,,,False,,61,0,,0.7726442388960627,
61,7,True,0.799824,0.7998,none,,,False,,61,0,,0.67786633450052,
61,1,True,0.582047,0.582,none,,,False,,61,0,,0.6709817734539001,
61,10,True,0.559274,0.5593,none,,,False,,61,0,,0.5229607410650834,
61,8,True,0.531189,0.5312,none,,,False,,61,0,,0.4996467401897311,
61,0,True,0.503796,0.5038,none,,,False,,61,0,,0.49900499714745417,
61,2,True,0.407681,0.4077,none,,,False,,61,0,,0.42842409592955844,
61,9,True,0.348639,0.3486,none,,,False,,61,0,,0.36108277241388964,
61,3,True,0.319467,0.3195,none,,,False,,61,0,,0.2937815794923999,
61,4,True,0.151892,0.1519,none,,,False,,61,0,,0.23778969668085126,
62,7,True,0.635683,0.6357,none,,,False,,62,0,,0.7998241859933604,
62,5,True,0.643264,0.6433,none,,,False,,62,0,,0.7949301790790397,
62,1,True,0.939388,0.9394,none,,,False,,62,0,,0.58204671409395,
62,10,True,0.539065,0.5391,none,,,False,,62,0,,0.559273897476916,
62,8,True,0.463844,0.4638,none,,,False,,62,0,,0.5311890721099939,
62,0,True,0.327834,0.3278,none,,,False,,62,0,,0.5037964331983316,
62,2,True,0.319475,0.3195,none,,,False,,62,0,,0.40768077065102504,
62,9,True,0.46559,0.4656,none,,,False,,62,0,,0.3486388623714447,
62,3,True,0.306162,0.3062,none,,,False,,62,0,,0.3194665047184648,
62,4,True,0.259912,0.2599,none,,,False,,62,0,,0.15189191517366396,
63,1,True,0.61948,0.6195,none,,,False,,63,0,,0.9393882272589922,
63,5,True,0.898904,0.8989,none,,,False,,63,0,,0.6432638699267091,
63,7,True,0.787757,0.7878,none,,,False,,63,0,,0.6356831737186597,
63,10,True,0.402195,0.4022,none,,,False,,63,0,,0.5390646667600427,
63,9,True,0.221103,0.2211,none,,,False,,63,0,,0.4655896921952565,
63,8,True,0.603891,0.6039,none,,,False,,63,0,,0.4638440367905683,
63,0,True,0.416718,0.4167,none,,,False,,63,0,,0.3278338068663471,
63,2,True,0.265617,0.2656,none,,,False,,63,0,,0.3194745369811556,
63,3,True,0.440019,0.44,none,,,False,,63,0,,0.30616155106720266,
63,4,True,0.198361,0.1984,none,,,False,,63,0,,0.2599120310935785,
64,5,True,0.428775,0.4288,none,,,False,,64,0,,0.8989037018196255,
64,7,True,0.608478,0.6085,none,,,False,,64,0,,0.7877567298170449,
64,1,True,0.799673,0.7997,none,,,False,,64,0,,0.6194802410582192,
64,8,True,0.439372,0.4394,none,,,False,,64,0,,0.603890871736247,
64,3,True,0.379734,0.3797,none,,,False,,64,0,,0.4400187509326354,
64,0,True,0.414776,0.4148,none,,,False,,64,0,,0.41671815520585187,
64,10,True,0.491461,0.4915,none,,,False,,64,0,,0.4021951225068834,
64,2,True,0.292669,0.2927,none,,,False,,64,0,,0.2656167327468075,
64,9,True,0.360922,0.3609,none,,,False,,64,0,,0.22110260526339198,
64,4,True,0.202536,0.2025,none,,,False,,64,0,,0.1983606607163757,
65,1,True,0.782022,0.782,none,,,False,,65,0,,0.7996730610855625,
65,7,True,0.565258,0.5653,none,,,False,,65,0,,0.6084781902423806,
65,10,True,0.532437,0.5324,none,,,False,,65,0,,0.4914606469732161,
65,8,True,0.472516,0.4725,none,,,False,,65,0,,0.4393720407875217,
65,5,True,0.805445,0.8054,none,,,False,,65,0,,0.4287751495671205,
65,0,True,0.300534,0.3005,none,,,False,,65,0,,0.41477581647911466,
65,3,True,0.299503,0.2995,none,,,False,,65,0,,0.37973400375147537,
65,9,True,0.323306,0.3233,none,,,False,,65,0,,0.3609224259853363,
65,2,True,0.452607,0.4526,none,,,False,,65,0,,0.2926691396912533,
65,4,True,0.274567,0.2746,none,,,False,,65,0,,0.20253588929404143,
66,5,True,0.708385,0.7084,none,,,False,,66,0,,0.805445123620394,
66,1,True,0.640653,0.6407,none,,,False,,66,0,,0.7820219229429197,
66,7,True,0.570673,0.5707,none,,,False,,66,0,,0.5652578706326692,
66,10,True,0.449067,0.4491,none,,,False,,66,0,,0.532437361761209,
66,8,True,0.552803,0.5528,none,,,False,,66,0,,0.4725157493562999,
66,2,True,0.339991,0.34,none,,,False,,66,0,,0.45260665132038636,
66,9,True,0.219311,0.2193,none,,,False,,66,0,,0.3233062227567036,
66,0,True,0.481784,0.4818,none,,,False,,66,0,,0.30053369565443555,
66,3,True,0.344062,0.3441,none,,,False,,66,0,,0.29950296844211133,
66,4,True,0.218043,0.218,none,,,False,,66,0,,0.2745665578905008,
67,5,True,0.834233,0.8342,none,,,False,,67,0,,0.7083845914912825,
67,1,True,0.722286,0.7223,none,,,False,,67,0,,0.640652608158242,
67,7,True,0.703251,0.7033,none,,,False,,67,0,,0.5706728316735528,
67,8,True,0.499644,0.4996,none,,,False,,67,0,,0.5528027288104254,
67,0,True,0.41182,0.4118,none,,,False,,67,0,,0.4817838584533847,
67,10,True,0.416729,0.4167,none,,,False,,67,0,,0.44906739293904185,
67,3,True,0.257551,0.2576,none,,,False,,67,0,,0.34406158038251466,
67,2,True,0.190888,0.1909,none,,,False,,67,0,,0.3399913637199212,
67,9,True,0.286099,0.2861,none,,,False,,67,0,,0.21931130687395717,
67,4,True,0.23285,0.2329,none,,,False,,67,0,,0.218042844602657,
68,5,True,0.665022,0.665,none,,,False,,68,0,,0.8342330995060148,
68,1,True,0.763815,0.7638,none,,,False,,68,0,,0.7222862162141719,
68,7,True,0.667235,0.6672,none,,,False,,68,0,,0.7032507571621216,
68,8,True,0.391778,0.3918,none,,,False,,68,0,,0.4996440160694724,
68,10,True,0.444475,0.4445,none,,,False,,68,0,,0.4167292143063974,
68,0,True,0.507064,0.5071,none,,,False,,68,0,,0.4118198821038912,
68,9,True,0.169674,0.1697,none,,,False,,68,0,,0.28609931468963623,
68,3,True,0.259191,0.2592,none,,,False,,68,0,,0.2575514178144567,
68,4,True,0.193951,0.194,none,,,False,,68,0,,0.23285032968348296,
68,2,True,0.316699,0.3167,none,,,False,,68,0,,0.19088753123781577,
69,1,True,0.687793,0.6878,none,,,False,,69,0,,0.7638149607894767,
69,7,True,0.6724,0.6724,none,,,False,,69,0,,0.6672350997510164,
69,5,True,0.785104,0.7851,none,,,False,,69,0,,0.6650215316386451,
69,0,True,0.537965,0.538,none,,,False,,69,0,,0.507063625557254,
69,10,True,0.494746,0.4947,none,,,False,,69,0,,0.44447463063573944,
69,8,True,0.558734,0.5587,none,,,False,,69,0,,0.39177784318163145,
69,2,True,0.48186,0.4819,none,,,False,,69,0,,0.31669876646639694,
69,3,True,0.415521,0.4155,none,,,False,,69,0,,0.25919115664477954,
69,4,True,0.17167,0.1717,none,,,False,,69,0,,0.19395125422878357,
69,9,True,0.302504,0.3025,none,,,False,,69,0,,0.16967360178629565,
70,5,True,0.689776,0.6898,none,,,False,,70,0,,0.7851040311554233,
70,1,True,0.610705,0.6107,none,,,False,,70,0,,0.6877927148444022,
70,7,True,0.573288,0.5733,none,,,False,,70,0,,0.6723997316498689,
70,8,True,0.140418,0.1404,none,,,False,,70,0,,0.558733533397455,
70,0,True,0.550412,0.5504,none,,,False,,70,0,,0.5379646253104162,
70,10,True,0.473737,0.4737,none,,,False,,70,0,,0.49474617170337876,
70,2,True,0.402918,0.4029,none,,,False,,70,0,,0.48186040339778313,
70,3,True,0.352712,0.3527,none,,,False,,70,0,,0.4155207951978952,
70,9,True,0.299859,0.2999,none,,,False,,70,0,,0.30250356594721484,
70,4,True,0.177545,0.1775,none,,,False,,70,0,,0.17167030193856747,
71,5,True,0.727371,0.7274,none,,,False,,71,0,,0.6897760171349309,
71,1,True,0.794656,0.7947,none,,,False,,71,0,,0.6107048718338339,
71,7,True,0.684338,0.6843,none,,,False,,71,0,,0.5732876978058747,
71,0,True,0.544156,0.5442,none,,,False,,71,0,,0.5504123557697642,
71,10,True,0.45766,0.4577,none,,,False,,71,0,,0.4737373917857557,
71,2,True,0.463443,0.4634,none,,,False,,71,0,,0.4029176573255169,
71,3,True,0.364166,0.3642,none,,,False,,71,0,,0.35271238052274034,
71,9,True,0.291416,0.2914,none,,,False,,71,0,,0.2998591959476471,
71,4,True,0.177703,0.1777,none,,,False,,71,0,,0.1775452183341666,
71,8,True,0.48365,0.4836,none,,,False,,71,0,,0.14041828290872083,
72,1,True,0.789079,0.7891,none,,,False,,72,0,,0.7946559048106528,
72,5,True,0.625398,0.6254,none,,,False,,72,0,,0.7273706538336617,
72,7,True,0.642206,0.6422,none,,,False,,72,0,,0.684338054795196,
72,0,True,0.404561,0.4046,none,,,False,,72,0,,0.5441564295026993,
72,8,True,0.467172,0.4672,none,,,False,,72,0,,0.4836498386121195,
72,2,True,0.37973,0.3797,none,,,False,,72,0,,0.4634427099085565,
72,10,True,0.549186,0.5492,none,,,False,,72,0,,0.45766023832297176,
72,3,True,0.354412,0.3544,none,,,False,,72,0,,0.36416605162516724,
72,9,True,0.289051,0.2891,none,,,False,,72,0,,0.2914159496625264,
72,4,True,0.184818,0.1848,none,,,False,,72,0,,0.17770307500044247,
73,1,True,0.631907,0.6319,none,,,False,,73,0,,0.7890788989189343,
73,7,True,0.367346,0.3673,none,,,False,,73,0,,0.6422056287959004,
73,5,True,0.658913,0.6589,none,,,False,,73,0,,0.6253978539080848,
73,10,True,0.412176,0.4122,none,,,False,,73,0,,0.5491860111554463,
73,8,True,0.427312,0.4273,none,,,False,,73,0,,0.4671716026560937,
73,0,True,0.531502,0.5315,none,,,False,,73,0,,0.4045606957541572,
73,2,True,0.073024,0.073,none,,,False,,73,0,,0.3797296766024916,
73,3,True,0.298361,0.2984,none,,,False,,73,0,,0.354411776595261,
73,9,True,0.356321,0.3563,none,,,False,,73,0,,0.2890507628520331,
73,4,True,0.303765,0.3038,none,,,False,,73,0,,0.18481785049155675,
74,5,True,0.66218,0.6622,none,,,False,,74,0,,0.6589126990956752,
74,1,True,0.474698,0.4747,none,,,False,,74,0,,0.6319068634611928,
74,0,True,0.379303,0.3793,none,,,False,,74,0,,0.5315021931523025,
74,8,True,0.443338,0.4433,none,,,False,,74,0,,0.42731217241021824,
74,10,True,0.521921,0.5219,none,,,False,,74,0,,0.4121760633506617,
74,7,True,0.463896,0.4639,none,,,False,,74,0,,0.3673462764076565,
74,9,True,0.177577,0.1776,none,,,False,,74,0,,0.3563206891218822,
74,4,True,-0.062778,-0.0628,none,,,False,,74,0,,0.3037650151150624,
74,3,True,0.365604,0.3656,none,,,False,,74,0,,0.2983609780517822,
74,2,True,0.261708,0.2617,none,,,False,,74,0,,0.07302424800929752,
75,5,True,0.689958,0.69,none,,,False,,75,0,,0.6621798453878622,
75,10,True,0.569342,0.5693,none,,,False,,75,0,,0.5219205396730194,
75,1,True,0.738388,0.7384,none,,,False,,75,0,,0.47469793935107374,
75,7,True,0.670365,0.6704,none,,,False,,75,0,,0.4638961691787278,
75,8,True,0.43173,0.4317,none,,,False,,75,0,,0.443337725575647,
75,0,True,0.482635,0.4826,none,,,False,,75,0,,0.3793025057725232,
75,3,True,0.41116,0.4112,none,,,False,,75,0,,0.365604291027966,
75,2,True,0.517342,0.5173,none,,,False,,75,0,,0.2617075852493742,
75,9,True,0.283762,0.2838,none,,,False,,75,0,,0.17757688959439588,
75,11,True,0.652074,0.6521,none,,,False,,75,0,,0.0,
76,1,True,0.324331,0.3243,none,,,False,,76,0,,0.7383875184588962,
76,5,True,0.589436,0.5894,none,,,False,,76,0,,0.689957571046359,
76,7,True,0.6355,0.6355,none,,,False,,76,0,,0.6703654467195705,
76,11,True,0.556331,0.5563,none,,,False,,76,0,,0.6520742057779505,
76,10,True,0.620247,0.6202,none,,,False,,76,0,,0.569341731271404,
76,2,True,0.306028,0.306,none,,,False,,76,0,,0.5173422720894884,
76,0,True,0.556932,0.5569,none,,,False,,76,0,,0.48263524108462863,
76,8,True,0.470669,0.4707,none,,,False,,76,0,,0.43172954009061404,
76,3,True,0.325045,0.325,none,,,False,,76,0,,0.41116009767238904,
76,9,True,0.307007,0.307,none,,,False,,76,0,,0.2837622662385306,
77,7,True,0.607568,0.6076,none,,,False,,77,0,,0.6355001339014026,
77,10,True,0.531518,0.5315,none,,,False,,77,0,,0.6202470185371814,
77,5,True,0.761171,0.7612,none,,,False,,77,0,,0.5894355149496169,
77,0,True,0.520638,0.5206,none,,,False,,77,0,,0.5569316963956814,
77,11,True,0.575368,0.5754,none,,,False,,77,0,,0.556330742563149,
77,8,True,0.331462,0.3315,none,,,False,,77,0,,0.4706685940055988,
77,3,True,0.321258,0.3213,none,,,False,,77,0,,0.3250445690660242,
77,1,True,0.416939,0.4169,none,,,False,,77,0,,0.3243313375701251,
77,9,True,0.320762,0.3208,none,,,False,,77,0,,0.3070066769917805,
77,2,True,0.384304,0.3843,none,,,False,,77,0,,0.3060277065827479,
78,5,True,0.567659,0.5677,none,,,False,,78,0,,0.7611705892894114,
78,7,True,0.638785,0.6388,none,,,False,,78,0,,0.6075681966284048,
78,11,True,0.555633,0.5556,none,,,False,,78,0,,0.5753676456066827,
78,10,True,0.289459,0.2895,none,,,False,,78,0,,0.5315178640233644,
78,0,True,0.550201,0.5502,none,,,False,,78,0,,0.520638123907224,
78,1,True,0.454038,0.454,none,,,False,,78,0,,0.41693885917337514,
78,2,True,0.370019,0.37,none,,,False,,78,0,,0.3843044944070464,
78,8,True,0.458725,0.4587,none,,,False,,78,0,,0.3314622583106188,
78,3,True,0.207491,0.2075,none,,,False,,78,0,,0.321258207883129,
78,9,True,0.377622,0.3776,none,,,False,,78,0,,0.32076188921928406,
79,7,True,0.607961,0.608,none,,,False,,79,0,,0.6387847143670786,
79,5,True,0.630419,0.6304,none,,,False,,79,0,,0.5676592474892025,
79,11,True,0.684489,0.6845,none,,,False,,79,0,,0.5556326669308405,
79,0,True,0.605007,0.605,none,,,False,,79,0,,0.5502005160456955,
79,8,True,0.400249,0.4002,none,,,False,,79,0,,0.45872548692522774,
79,1,True,0.811919,0.8119,none,,,False,,79,0,,0.45403799134441947,
79,9,True,0.335585,0.3356,none,,,False,,79,0,,0.37762179474035884,
79,2,True,0.393779,0.3938,none,,,False,,79,0,,0.37001932556949435,
79,10,True,0.334776,0.3348,none,,,False,,79,0,,0.28945866545791166,
79,3,True,0.274658,0.2747,none,,,False,,79,0,,0.2074909538938967,
80,1,True,0.529538,0.5295,none,,,False,,80,0,,0.8119189484506589,
80,11,True,0.63263,0.6326,none,,,False,,80,0,,0.6844890585387433,
80,5,True,0.627602,0.6276,none,,,False,,80,0,,0.6304191241578228,
80,7,True,0.590269,0.5903,none,,,False,,80,0,,0.6079614836236704,
80,0,True,0.523253,0.5233,none,,,False,,80,0,,0.6050071597099305,
80,8,True,0.453632,0.4536,none,,,False,,80,0,,0.40024934164447123,
80,2,True,0.457325,0.4573,none,,,False,,80,0,,0.39377856106307374,
80,9,True,0.290606,0.2906,none,,,False,,80,0,,0.3355852961540222,
80,10,True,0.497249,0.4972,none,,,False,,80,0,,0.33477558242449956,
80,3,True,0.233131,0.2331,none,,,False,,80,0,,0.2746583841016573,
81,11,True,0.34786,0.3479,none,,,False,,81,0,,0.6326295903982844,
81,5,True,0.572488,0.5725,none,,,False,,81,0,,0.627602168992788,
81,7,True,0.720327,0.7203,none,,,False,,81,0,,0.5902689470761064,
81,1,True,0.633597,0.6336,none,,,False,,81,0,,0.5295379931091242,
81,0,True,0.466769,0.4668,none,,,False,,81,0,,0.5232530196507772,
81,10,True,0.590657,0.5907,none,,,False,,81,0,,0.4972492256504435,
81,2,True,0.437516,0.4375,none,,,False,,81,0,,0.4573251430074967,
81,8,True,0.314198,0.3142,none,,,False,,81,0,,0.45363178003254534,
81,9,True,0.312719,0.3127,none,,,False,,81,0,,0.29060603181521105,
81,3,True,0.381563,0.3816,none,,,False,,81,0,,0.23313141595815523,
82,7,True,0.573771,0.5738,none,,,False,,82,0,,0.7203265532203342,
82,1,True,0.691147,0.6911,none,,,False,,82,0,,0.6335968823514433,
82,10,True,0.430919,0.4309,none,,,False,,82,0,,0.590656872440434,
82,5,True,0.752277,0.7523,none,,,False,,82,0,,0.5724883864239817,
82,0,True,0.257117,0.2571,none,,,False,,82,0,,0.4667691062195132,
82,2,True,0.231229,0.2312,none,,,False,,82,0,,0.4375155526607192,
82,3,True,0.314734,0.3147,none,,,False,,82,0,,0.3815627286672938,
82,11,True,0.479949,0.4799,none,,,False,,82,0,,0.3478597587720573,
82,8,True,0.461637,0.4616,none,,,False,,82,0,,0.3141975276766549,
82,9,True,0.225633,0.2256,none,,,False,,82,0,,0.31271907687187195,
83,5,True,0.57155,0.5715,none,,,False,,83,0,,0.7522766289590788,
83,1,True,0.547094,0.5471,none,,,False,,83,0,,0.691146777735816,
83,7,True,0.798831,0.7988,none,,,False,,83,0,,0.573770536892656,
83,11,True,0.506331,0.5063,none,,,False,,83,0,,0.479949396702509,
83,8,True,0.480738,0.4807,none,,,False,,83,0,,0.46163692633605846,
83,10,True,0.510795,0.5108,none,,,False,,83,0,,0.430919141389539,
83,3,True,0.440774,0.4408,none,,,False,,83,0,,0.3147337370064158,
83,0,True,0.557616,0.5576,none,,,False,,83,0,,0.2571171293354997,
83,2,True,0.309923,0.3099,none,,,False,,83,0,,0.2312294037187872,
83,9,True,0.357648,0.3576,none,,,False,,83,0,,0.2256330748399098,
84,7,True,0.636486,0.6365,none,,,False,,84,0,,0.7988305523775627,
84,5,True,0.595774,0.5958,none,,,False,,84,0,,0.5715497972584572,
84,0,True,0.490572,0.4906,none,,,False,,84,0,,0.5576155967182583,
84,1,True,0.674652,0.6747,none,,,False,,84,0,,0.5470940159936235,
84,10,True,0.516773,0.5168,none,,,False,,84,0,,0.5107953423474072,
84,11,True,0.491397,0.4914,none,,,False,,84,0,,0.5063307392499752,
84,8,True,0.505389,0.5054,none,,,False,,84,0,,0.48073791064225224,
84,3,True,0.29008,0.2901,none,,,False,,84,0,,0.44077427821512305,
84,9,True,0.178329,0.1783,none,,,False,,84,0,,0.35764849185943604,
84,2,True,0.297171,0.2972,none,,,False,,84,0,,0.3099226856706154,
85,1,True,0.460285,0.4603,none,,,False,,85,0,,0.6746519432108626,
85,7,True,0.733875,0.7339,none,,,False,,85,0,,0.6364856681961943,
85,5,True,0.583929,0.5839,none,,,False,,85,0,,0.5957743588949787,
85,10,True,0.548182,0.5482,none,,,False,,85,0,,0.5167725211169485,
85,8,True,0.4427,0.4427,none,,,False,,85,0,,0.5053893502435347,
85,11,True,0.578696,0.5787,none,,,False,,85,0,,0.49139742727825353,
85,0,True,0.46298,0.463,none,,,False,,85,0,,0.49057237451726743,
85,2,True,0.231604,0.2316,none,,,False,,85,0,,0.2971706692852192,
85,3,True,0.334413,0.3344,none,,,False,,85,0,,0.2900795895060193,
85,9,True,0.32987,0.3299,none,,,False,,85,0,,0.1783289611339569,
86,7,True,0.614024,0.614,none,,,False,,86,0,,0.7338754353315935,
86,5,True,0.596669,0.5967,none,,,False,,86,0,,0.5839293218460403,
86,11,True,0.609494,0.6095,none,,,False,,86,0,,0.578696225904314,
86,10,True,0.372959,0.373,none,,,False,,86,0,,0.5481818202156692,
86,0,True,0.565367,0.5654,none,,,False,,86,0,,0.4629804702720257,
86,1,True,0.698839,0.6988,none,,,False,,86,0,,0.46028494223570215,
86,8,True,0.408829,0.4088,none,,,False,,86,0,,0.4426998711693928,
86,3,True,0.247743,0.2477,none,,,False,,86,0,,0.3344130116381042,
86,9,True,0.389479,0.3895,none,,,False,,86,0,,0.329870174328486,
86,2,True,0.461461,0.4615,none,,,False,,86,0,,0.23160369004776227,
87,1,True,0.416318,0.4163,none,,,False,,87,0,,0.6988388789005769,
87,7,True,0.746438,0.7464,none,,,False,,87,0,,0.6140236405358799,
87,11,True,0.49148,0.4915,none,,,False,,87,0,,0.6094941264602078,
87,5,True,0.691129,0.6911,none,,,False,,87,0,,0.5966688015965186,
87,0,True,0.445245,0.4452,none,,,False,,87,0,,0.5653668056834826,
87,2,True,0.400772,0.4008,none,,,False,,87,0,,0.46146127655731506,
87,8,True,0.455322,0.4553,none,,,False,,87,0,,0.408829043106157,
87,9,True,0.308446,0.3084,none,,,False,,87,0,,0.3894794682661691,
87,10,True,0.678407,0.6784,none,,,False,,87,0,,0.3729590382466026,
87,3,True,0.432767,0.4328,none,,,False,,87,0,,0.24774308215031948,
88,7,True,0.397685,0.3977,none,,,False,,88,0,,0.7464381784632586,
88,5,True,0.626585,0.6266,none,,,False,,88,0,,0.691129365221125,
88,10,True,0.364736,0.3647,none,,,False,,88,0,,0.6784074094060583,
88,11,True,0.739205,0.7392,none,,,False,,88,0,,0.4914800019615029,
88,8,True,0.34536,0.3454,none,,,False,,88,0,,0.4553222410754061,
88,0,True,0.409167,0.4092,none,,,False,,88,0,,0.4452454046769576,
88,3,True,0.367006,0.367,none,,,False,,88,0,,0.4327670513978026,
88,1,True,0.468102,0.4681,none,,,False,,88,0,,0.41631793262612116,
88,2,True,0.424083,0.4241,none,,,False,,88,0,,0.4007723568683833,
88,9,True,0.266893,0.2669,none,,,False,,88,0,,0.3084463874499004,
89,11,True,0.56071,0.5607,none,,,False,,89,0,,0.739204927751089,
89,5,True,0.596648,0.5966,none,,,False,,89,0,,0.6265852758530475,
89,1,True,0.573302,0.5733,none,,,False,,89,0,,0.4681022895707023,
89,2,True,0.353556,0.3536,none,,,False,,89,0,,0.42408297251706106,
89,0,True,0.540132,0.5401,none,,,False,,89,0,,0.4091671387354534,
89,7,True,0.666883,0.6669,none,,,False,,89,0,,0.3976850215939509,
89,3,True,0.335592,0.3356,none,,,False,,89,0,,0.3670056864554373,
89,10,True,0.589084,0.5891,none,,,False,,89,0,,0.36473608691737347,
89,8,True,0.505024,0.505,none,,,False,,89,0,,0.34536038480132314,
89,9,True,0.337294,0.3373,none,,,False,,89,0,,0.26689321299393987,
90,7,True,0.565283,0.5653,none,,,False,,90,0,,0.6668826341629028,
90,5,True,0.620695,0.6207,none,,,False,,90,0,,0.5966481684970589,
90,10,True,0.486824,0.4868,none,,,False,,90,0,,0.5890842096360726,
90,1,True,0.685032,0.685,none,,,False,,90,0,,0.573302178301363,
90,11,True,0.704581,0.7046,none,,,False,,90,0,,0.5607098532632522,
90,0,True,0.457687,0.4577,none,,,False,,90,0,,0.5401321225696141,
90,8,True,0.418553,0.4186,none,,,False,,90,0,,0.5050235564279644,
90,2,True,0.493784,0.4938,none,,,False,,90,0,,0.35355616386850086,
90,9,True,0.342501,0.3425,none,,,False,,90,0,,0.33729449907938647,
90,3,True,0.379893,0.3799,none,,,False,,90,0,,0.33559182454954894,
91,11,True,0.477467,0.4775,none,,,False,,91,0,,0.7045808910349087,
91,1,True,0.624,0.624,none,,,False,,91,0,,0.6850324981232992,
91,5,True,0.695141,0.6951,none,,,False,,91,0,,0.620695291864438,
91,7,True,0.645099,0.6451,none,,,False,,91,0,,0.5652826817139334,
91,2,True,0.36176,0.3618,none,,,False,,91,0,,0.4937842568354821,
91,10,True,0.490161,0.4902,none,,,False,,91,0,,0.4868238652027379,
91,0,True,0.386294,0.3863,none,,,False,,91,0,,0.4576868464248349,
91,8,True,0.509864,0.5099,none,,,False,,91,0,,0.41855343551494184,
91,3,True,0.341159,0.3412,none,,,False,,91,0,,0.37989286829667457,
91,9,True,0.344272,0.3443,none,,,False,,91,0,,0.3425010095040002,
92,5,True,0.65007,0.6501,none,,,False,,92,0,,0.6951410173639363,
92,7,True,0.680898,0.6809,none,,,False,,92,0,,0.6450991906981536,
92,1,True,0.759768,0.7598,none,,,False,,92,0,,0.6240001799713851,
92,8,True,0.341441,0.3414,none,,,False,,92,0,,0.5098637411014932,
92,10,True,0.422339,0.4223,none,,,False,,92,0,,0.4901605779519871,
92,11,True,0.553519,0.5535,none,,,False,,92,0,,0.477466542324513,
92,0,True,0.391174,0.3912,none,,,False,,92,0,,0.3862944321198898,
92,2,True,0.317944,0.3179,none,,,False,,92,0,,0.3617595244402908,
92,9,True,0.253647,0.2536,none,,,False,,92,0,,0.34427236020565033,
92,3,True,0.261745,0.2617,none,,,False,,92,0,,0.3411590665449079,
93,1,True,0.502873,0.5029,none,,,False,,93,0,,0.7597684819474179,
93,7,True,0.471515,0.4715,none,,,False,,93,0,,0.6808982776558916,
93,5,True,0.630016,0.63,none,,,False,,93,0,,0.6500697786233672,
93,11,True,0.60994,0.6099,none,,,False,,93,0,,0.5535190914242403,
93,10,True,0.419751,0.4198,none,,,False,,93,0,,0.4223387545009829,
93,0,True,0.520372,0.5204,none,,,False,,93,0,,0.3911736339029641,
93,8,True,0.563315,0.5633,none,,,False,,93,0,,0.3414413510978995,
93,2,True,0.269876,0.2699,none,,,False,,93,0,,0.3179437144478754,
93,3,True,0.347178,0.3472,none,,,False,,93,0,,0.26174493806628596,
93,9,True,0.251264,0.2513,none,,,False,,93,0,,0.25364653269449855,
94,5,True,0.71539,0.7154,none,,,False,,94,0,,0.6300164775020267,
94,11,True,0.636676,0.6367,none,,,False,,94,0,,0.6099398142635335,
94,8,True,0.430632,0.4306,none,,,False,,94,0,,0.5633153940839537,
94,0,True,0.512523,0.5125,none,,,False,,94,0,,0.5203724354204506,
94,1,True,0.525436,0.5254,none,,,False,,94,0,,0.5028725302117503,
94,7,True,0.556861,0.5569,none,,,False,,94,0,,0.47151473121366627,
94,10,True,0.590082,0.5901,none,,,False,,94,0,,0.41975134961010285,
94,3,True,0.358341,0.3583,none,,,False,,94,0,,0.3471782997315439,
94,2,True,0.453247,0.4532,none,,,False,,94,0,,0.26987586092593063,
94,9,True,0.188389,0.1884,none,,,False,,94,0,,0.25126415491104126,
95,5,True,0.669063,0.6691,none,,,False,,95,0,,0.7153897912812834,
95,11,True,0.550472,0.5505,none,,,False,,95,0,,0.6366761445349505,
95,10,True,0.391897,0.3919,none,,,False,,95,0,,0.5900819252871868,
95,7,True,0.696095,0.6961,none,,,False,,95,0,,0.5568612520245539,
95,1,True,0.27399,0.274,none,,,False,,95,0,,0.5254357773014623,
95,0,True,0.448982,0.449,none,,,False,,95,0,,0.5125225867887939,
95,2,True,0.251314,0.2513,none,,,False,,95,0,,0.45324738405237164,
95,8,True,0.515176,0.5152,none,,,False,,95,0,,0.430632266352482,
95,3,True,0.175634,0.1756,none,,,False,,95,0,,0.3583414983680183,
95,9,True,0.258249,0.2582,none,,,False,,95,0,,0.18838921686013554,
96,7,True,0.655072,0.6551,none,,,False,,96,0,,0.6960953672726948,
96,5,True,0.508804,0.5088,none,,,False,,96,0,,0.6690625396429323,
96,11,True,0.769634,0.7696,none,,,False,,96,0,,0.5504715445905679,
96,8,True,0.340271,0.3403,none,,,False,,96,0,,0.5151759571843333,
96,0,True,0.50991,0.5099,none,,,False,,96,0,,0.44898178011480017,
96,10,True,0.58544,0.5854,none,,,False,,96,0,,0.39189696211984826,
96,1,True,0.663908,0.6639,none,,,False,,96,0,,0.27399048336550735,
96,9,True,0.250609,0.2506,none,,,False,,96,0,,0.25824907422065735,
96,2,True,0.467956,0.468,none,,,False,,96,0,,0.2513137966839234,
96,3,True,0.388648,0.3886,none,,,False,,96,0,,0.1756339879444273,
97,11,True,0.431523,0.4315,none,,,False,,97,0,,0.7696340451123602,
97,1,True,0.538525,0.5385,none,,,False,,97,0,,0.6639075533956544,
97,7,True,0.689183,0.6892,none,,,False,,97,0,,0.6550724039907041,
97,10,True,0.504746,0.5047,none,,,False,,97,0,,0.5854396895042755,
97,0,True,0.482886,0.4829,none,,,False,,97,0,,0.5099100938951124,
97,5,True,0.677185,0.6772,none,,,False,,97,0,,0.5088036245658618,
97,2,True,0.422383,0.4224,none,,,False,,97,0,,0.46795569308361595,
97,3,True,0.33739,0.3374,none,,,False,,97,0,,0.3886480431771243,
97,8,True,0.535981,0.536,none,,,False,,97,0,,0.34027066058263267,
97,9,True,0.27554,0.2755,none,,,False,,97,0,,0.25060913960138964,
98,7,True,0.560417,0.5604,none,,,False,,98,0,,0.6891828775405884,
98,5,True,0.624914,0.6249,none,,,False,,98,0,,0.677184907161221,
98,1,True,0.769115,0.7691,none,,,False,,98,0,,0.5385248039522742,
98,8,True,0.427883,0.4279,none,,,False,,98,0,,0.5359811320596812,
98,10,True,0.551411,0.5514,none,,,False,,98,0,,0.5047461471717561,
98,0,True,0.503168,0.5032,none,,,False,,98,0,,0.4828863416055236,
98,11,True,0.622577,0.6226,none,,,False,,98,0,,0.4315233631744695,
98,2,True,0.422437,0.4224,none,,,False,,98,0,,0.42238263704290435,
98,3,True,0.261921,0.2619,none,,,False,,98,0,,0.33738966119652736,
98,9,True,0.318126,0.3181,none,,,False,,98,0,,0.2755402127901714,
99,1,True,0.650594,0.6506,none,,,False,,99,0,,0.7691148066113138,
99,5,True,0.653185,0.6532,none,,,False,,99,0,,0.6249144341932291,
99,11,True,0.334218,0.3342,none,,,False,,99,0,,0.6225766934231127,
99,7,True,0.625351,0.6254,none,,,False,,99,0,,0.560417411983877,
99,10,True,0.441816,0.4418,none,,,False,,99,0,,0.5514106093212743,
99,0,True,0.427619,0.4276,none,,,False,,99,0,,0.5031675789091321,
99,8,True,0.377718,0.3777,none,,,False,,99,0,,0.42788330312120215,
99,2,True,0.375227,0.3752,none,,,False,,99,0,,0.4224368197407887,
99,9,True,0.288111,0.2881,none,,,False,,99,0,,0.3181258291006088,
99,3,True,0.385393,0.3854,none,,,False,,99,0,,0.26192096926823416,
100,5,True,0.546849,0.5468,none,,,False,,100,0,,0.6531850081198021,
100,1,True,0.604256,0.6043,none,,,False,,100,0,,0.6505938218190119,
100,7,True,0.590042,0.59,none,,,False,,100,0,,0.6253513426020525,
100,10,True,0.449034,0.449,none,,,False,,100,0,,0.44181584962009146,
100,0,True,0.383761,0.3838,none,,,False,,100,0,,0.4276188397648357,
100,3,True,0.218254,0.2183,none,,,False,,100,0,,0.3853931717671919,
100,8,True,0.501439,0.5014,none,,,False,,100,0,,0.377718288292469,
100,2,True,0.381452,0.3815,none,,,False,,100,0,,0.37522737363084624,
100,11,True,0.663836,0.6638,none,,,False,,100,0,,0.3342176679044717,
100,9,True,0.275369,0.2754,none,,,False,,100,0,,0.2881111900011697,
